,Word,Title Frequency,Word Frequency,,Class
0,macron,522,7103,1,1
1,french,473,6187,2,
2,france,251,4890,3,
3,pen,176,2694,8,1
4,emmanuel,129,1359,24,1
5,françois,109,1026,34,1
6,marine,101,907,41,1
7,hollande,92,1663,14,1
8,fillon,78,1443,22,1
9,trump,73,1144,30,2
10,election,72,1970,12,4
11,minister,69,3003,6,
12,sarkozy,68,1268,27,1
13,loop,64,5,2299,
14,europe,59,1647,15,4
15,paris,56,2261,9,3
16,brexit,52,729,54,4
17,yellow,49,496,97,4
18,valls,41,744,52,1
19,european,40,2697,7,
20,poll,40,433,119,4
21,presidential,39,1523,20,4
22,nicolas,38,427,122,1
23,party,37,3368,5,4
24,manuel,36,217,297,1
25,national,34,1982,11,
26,police,34,784,48,4
27,calls,34,187,357,4
28,campaign,32,1450,21,4
29,coronavirus,31,238,266,4
30,jackets,31,303,194,4
31,report,30,262,235,
32,parliament,30,1275,26,
33,merkel,29,626,63,2
34,reform,29,714,55,
35,—,28,0,2815,
36,government,26,2228,10,
37,german,26,760,50,2
38,debate,25,572,79,4
39,vote,25,960,38,4
40,left,24,1551,18,4
41,week,23,897,43,
42,president,23,4233,4,
43,labor,23,471,105,4
44,protests,21,480,101,
45,cartoonists,21,3,2442,4
46,events,21,77,789,
47,attack,21,366,147,4
48,jean,21,793,47,
49,leader,20,1071,32,
50,chief,20,400,130,
51,germany,19,738,53,2
52,face,19,391,135,
53,faces,18,161,417,
54,plan,18,367,146,
55,protest,18,246,250,
56,jacket,18,186,361,
57,big,18,445,113,
58,presidency,18,560,83,
59,juppé,18,574,78,1
60,terror,17,171,397,4
61,italy,17,281,211,2
62,theresa,17,147,457,2
63,probe,16,87,707,
64,anti,16,622,65,
65,ban,16,178,377,4
66,political,16,1887,13,
67,cabinet,16,328,169,
68,€,16,563,82,
69,primary,16,592,71,
70,burkini,16,87,707,4
71,mayor,15,323,174,4
72,takes,15,100,632,
73,takeaways,15,15,1794,
74,socialist,15,1128,31,4
75,ahead,14,489,99,
76,bid,14,209,312,
77,media,14,645,61,4
78,scandal,14,199,331,4
79,elections,14,540,86,4
80,deal,14,438,115,
81,security,14,583,74,4
82,trial,14,130,506,4
83,win,14,480,101,
84,russia,13,400,130,2
85,law,13,508,95,
86,britain,13,384,141,2
87,change,13,530,92,
88,leaders,13,591,72,
89,man,13,387,138,
90,violent,13,147,457,4
91,politics,13,539,87,
92,war,13,365,149,4
93,court,13,278,216,4
94,marie,13,206,320,
95,fight,12,306,192,4
96,day,12,604,68,
97,prosecutor,12,133,495,4
98,attacks,12,356,152,4
99,lead,12,327,171,
100,june,12,331,168,
101,mélenchon,12,417,126,1
102,brussels,12,464,109,2
103,talks,12,283,210,
104,alain,12,240,263,1
105,parliamentary,12,473,104,
106,foreign,11,632,62,2
107,putin,11,277,217,2
108,climate,11,245,253,4
109,islam,11,213,303,4
110,year,11,1534,19,
111,aide,11,237,267,
112,migration,11,167,401,4
113,meet,11,196,338,
114,race,11,279,214,4
115,donald,11,347,157,2
116,brigitte,11,76,799,1
117,migrants,11,215,301,4
118,socialists,11,248,248,4
119,battle,10,147,457,4
120,politicians,10,363,150,
121,amid,10,110,596,
122,investigation,10,339,161,4
123,free,10,277,217,4
124,visit,10,302,196,
125,tax,10,319,181,4
126,problem,10,276,221,
127,violence,10,253,244,4
128,reforms,10,435,117,
129,stand,10,159,427,
130,voters,10,900,42,
131,moment,10,143,468,
132,september,10,240,263,
133,des,10,258,240,
134,euro,10,218,295,
135,april,10,287,206,
136,lockdown,9,128,515,4
137,long,9,678,59,
138,tough,9,141,476,
139,green,9,201,328,
140,support,9,852,44,
141,watch,9,61,941,
142,ambassador,9,111,589,
143,trip,9,118,562,
144,hits,9,8,2109,
145,…,9,398,132,
146,strikes,9,142,474,4
147,union,9,691,56,4
148,wife,9,206,320,
149,victory,9,313,187,
150,conservative,9,952,39,4
151,conservatives,8,184,367,4
152,fights,8,17,1729,
153,poland,8,143,468,2
154,corruption,8,74,817,4
155,news,8,405,129,
156,return,8,165,408,
157,steps,8,70,862,
158,mep,8,197,335,
159,ally,8,126,524,
160,migrant,8,71,848,4
161,berlin,8,274,222,2
162,interior,8,284,209,
163,nice,8,147,457,3
164,hard,8,390,136,
165,power,8,536,89,
166,ministers,8,302,196,
167,fraud,8,76,799,4
168,majority,8,380,144,
169,italian,8,208,314,2
170,russian,8,321,179,2
171,october,8,184,367,
172,protesters,8,243,259,4
173,spain,8,149,451,2
174,popularity,8,125,528,
175,quits,8,2,2541,
176,jobs,8,207,315,
177,fake,8,91,683,
178,quit,8,65,912,
179,movement,8,767,49,
180,finance,8,345,158,4
181,state,8,808,46,
182,maire,8,250,245,1
183,calais,8,111,589,3
184,house,8,216,299,
185,push,7,180,374,
186,health,7,340,160,4
187,warns,7,14,1834,
188,sparks,7,2,2541,
189,camp,7,193,344,4
190,policy,7,618,66,
191,seeks,7,29,1397,
192,military,7,269,226,4
193,ready,7,177,381,
194,rally,7,336,163,
195,time,7,1276,25,
196,candidate,7,1164,28,
197,wins,7,75,809,
198,pension,7,129,511,
199,funds,7,206,320,
200,march,7,277,217,
201,luc,7,193,344,
202,center,7,565,81,
203,set,7,390,136,
204,papers,7,187,357,
205,summit,7,236,270,4
206,talk,7,172,396,
207,test,7,90,686,
208,à,7,236,270,
209,death,6,132,497,
210,vaccine,6,84,728,4
211,barnier,6,122,539,1
212,dies,6,5,2299,
213,amazon,6,168,400,4
214,future,6,333,165,4
215,slams,6,0,2815,
216,reports,6,119,554,
217,starts,6,40,1194,
218,radical,6,215,301,
219,mps,6,261,237,
220,vows,6,4,2365,
221,lesson,6,26,1475,
222,plans,6,379,145,
223,allegations,6,227,284,
224,risks,6,80,760,
225,meeting,6,506,96,
226,announces,6,6,2234,
227,things,6,279,214,
228,launches,6,3,2442,
229,bad,6,126,524,
230,defense,6,385,140,4
231,democracy,6,187,357,4
232,knife,6,35,1278,4
233,summer,6,156,432,
234,low,6,157,431,
235,prime,6,1415,23,
236,case,6,423,123,
237,post,6,245,253,
238,denies,6,26,1475,
239,philippe,6,494,98,1
240,round,6,916,40,
241,market,6,267,229,4
242,populism,6,75,809,4
243,orders,6,38,1230,
244,goulard,6,121,545,
245,charged,6,67,893,
246,promises,6,66,902,
247,johnson,6,130,506,2
248,bannon,6,68,882,2
249,candidates,6,567,80,
250,clash,6,35,1278,
251,vision,6,146,462,
252,cancels,6,0,2815,
253,belgian,6,72,840,2
254,emergency,6,119,554,
255,hit,6,154,440,
256,army,6,69,871,
257,coalition,6,227,284,
258,spat,6,33,1315,
259,row,6,35,1278,
260,catalonia,6,61,941,2
261,marion,6,151,447,1
262,syria,6,182,371,2
263,press,6,477,103,
264,boris,6,66,902,2
265,franco,6,134,493,2
266,offensive,6,36,1258,
267,november,6,353,154,
268,refugee,6,76,799,4
269,runoff,6,166,403,
270,wing,6,530,92,
271,fall,5,140,480,
272,border,5,160,423,
273,sets,5,21,1602,
274,fears,5,70,862,
275,environment,5,119,554,4
276,closes,5,3,2442,
277,school,5,200,329,
278,white,5,136,490,4
279,legal,5,232,278,
280,polish,5,81,753,2
281,bans,5,25,1494,
282,group,5,669,60,
283,city,5,328,169,
284,pressure,5,150,449,
285,accused,5,308,191,
286,social,5,608,67,4
287,allies,5,248,248,
288,reelection,5,88,702,
289,response,5,237,267,
290,people,5,1614,16,
291,protect,5,115,574,
292,eyes,5,63,929,
293,work,5,687,57,
294,opens,5,12,1911,
295,ties,5,123,537,
296,giscard,5,90,686,1
297,dead,5,72,840,
298,controversial,5,171,397,
299,outrage,5,55,1012,
300,commission,5,406,128,
301,supporters,5,318,183,
302,pro,5,313,187,
303,confidential,5,16,1759,
304,erdoğan,5,79,769,2
305,action,5,198,333,
306,charlie,5,61,941,4
307,accuses,5,14,1834,
308,lebanon,5,83,739,2
309,wall,5,42,1171,
310,local,5,413,127,
311,elysée,5,301,199,3
312,good,5,322,176,
313,crisis,5,422,124,4
314,defeat,5,177,381,
315,polls,5,538,88,
316,unions,5,256,242,4
317,trouble,5,80,760,
318,london,5,210,308,2
319,job,5,358,151,
320,backs,5,22,1561,
321,liberal,5,256,242,4
322,notre,5,58,973,3
323,dame,5,51,1074,3
324,list,5,226,287,
325,running,5,349,156,
326,truth,5,67,893,
327,salvini,5,94,664,2
328,aim,5,99,637,
329,budget,5,299,202,
330,fuel,5,98,639,
331,pay,5,231,280,
332,approval,5,161,417,
333,ratings,5,89,694,
334,prepares,5,16,1759,
335,days,5,457,111,
336,lost,5,241,260,
337,life,5,246,250,
338,start,5,300,200,
339,game,5,55,1012,
340,catalan,5,131,503,2
341,spokesman,5,129,511,
342,sur,5,100,632,
343,pledges,5,18,1699,
344,tensions,5,82,747,
345,angela,5,265,230,2
346,great,5,264,232,
347,bayrou,5,118,562,1
348,happened,5,91,683,
349,débat,5,17,1729,
350,penelopegate,5,16,1759,1
351,paid,5,160,423,
352,league,4,122,539,
353,hold,4,188,355,
354,lift,4,42,1171,
355,pakistan,4,21,1602,2
356,leave,4,277,217,
357,restrictions,4,60,954,
358,elite,4,112,583,
359,claims,4,87,707,
360,covid,4,105,615,
361,ministry,4,280,212,
362,imposes,4,8,2109,
363,moves,4,34,1293,
364,urges,4,2,2541,
365,lgbt,4,18,1699,
366,authorities,4,245,253,
367,zone,4,50,1086,
368,public,4,1071,32,
369,pari,4,66,902,
370,defends,4,5,2299,
371,inquiry,4,25,1494,
372,rape,4,50,1086,
373,abuse,4,58,973,
374,speed,4,70,862,
375,drive,4,63,929,
376,curfew,4,25,1494,4
377,book,4,224,290,
378,michel,4,166,403,1
379,comeback,4,37,1247,
380,investigated,4,27,1449,
381,rejects,4,16,1759,
382,criticism,4,213,303,
383,break,4,131,503,
384,christmas,4,52,1060,
385,referendum,4,241,260,4
386,turkey,4,131,503,2
387,lessons,4,39,1214,
388,estaing,4,54,1023,
389,holiday,4,43,1156,
390,rights,4,216,299,
391,muslims,4,148,453,4
392,years,4,976,36,
393,american,4,177,381,
394,regional,4,245,253,
395,killed,4,122,539,
396,hebdo,4,46,1131,
397,diplomacy,4,43,1156,4
398,terrorism,4,235,273,4
399,strasbourg,4,97,644,
400,libya,4,74,817,2
401,racism,4,58,973,
402,comments,4,185,364,
403,challenge,4,182,371,
404,measures,4,312,190,
405,deputy,4,127,517,
406,eastern,4,132,497,
407,offers,4,33,1315,
408,percent,4,1614,16,
409,names,4,43,1156,
410,reshuffle,4,49,1098,
411,resign,4,55,1012,
412,queen,4,18,1699,
413,clashes,4,32,1335,
414,care,4,136,490,
415,resignation,4,102,626,
416,sexual,4,100,632,
417,revolt,4,39,1214,
418,electoral,4,159,427,
419,charges,4,94,664,
420,asks,4,11,1946,
421,nato,4,236,270,
422,centrist,4,366,147,
423,formal,4,126,524,
424,admits,4,9,2050,
425,financing,4,67,893,
426,iran,4,130,506,
427,king,4,63,929,
428,laurent,4,102,626,
429,ditch,4,13,1872,
430,unveils,4,1,2664,
431,boy,4,26,1475,
432,risk,4,235,273,
433,decision,4,431,120,
434,cash,4,47,1120,
435,love,4,74,817,
436,immunity,4,31,1360,
437,letter,4,132,497,
438,drops,4,11,1946,
439,speech,4,458,110,
440,stars,4,34,1293,
441,illegal,4,96,653,
442,juncker,4,109,599,
443,riots,4,44,1144,
444,nazi,4,41,1181,
445,remain,4,265,230,
446,threatens,4,16,1759,
447,joins,4,10,2001,
448,dream,4,32,1335,
449,nightmare,4,11,1946,
450,belgium,4,103,620,
451,high,4,470,107,
452,maréchal,4,119,554,
453,key,4,186,361,
454,elected,4,353,154,
455,record,4,192,347,
456,hell,4,12,1911,
457,renzi,4,53,1042,
458,steve,4,40,1194,
459,close,4,387,138,
460,bruno,4,173,392,
461,british,4,466,108,
462,january,4,313,187,
463,journalist,4,103,620,
464,rules,4,271,224,
465,december,4,299,202,
466,launch,4,88,702,
467,family,4,186,361,
468,turnout,4,115,574,
469,vladimir,4,113,579,
470,hamon,4,300,200,
471,louvre,4,32,1335,
472,hacking,4,28,1424,
473,revolution,4,57,987,
474,clinton,4,52,1060,
475,decide,3,97,644,
476,football,3,94,664,
477,pushes,3,8,2109,
478,ukraine,3,74,817,
479,tougher,3,51,1074,
480,travel,3,83,739,
481,mosque,3,40,1194,
482,schools,3,92,675,
483,culture,3,127,517,
484,add,3,43,1156,
485,protection,3,68,882,
486,constitution,3,102,626,
487,oppose,3,47,1120,
488,religious,3,113,579,
489,jail,3,30,1379,
490,strategy,3,194,342,
491,meps,3,137,485,
492,save,3,75,809,
493,called,3,816,45,
494,adopts,3,2,2541,
495,islamist,3,76,799,
496,unfair,3,36,1258,
497,trust,3,75,809,
498,condemn,3,23,1536,
499,rescue,3,29,1397,
500,cat,3,8,2109,
501,slow,3,49,1098,
502,children,3,165,408,
503,read,3,109,599,
504,controversy,3,86,713,
505,friend,3,86,713,
506,politico,3,527,94,
507,members,3,535,91,
508,gamble,3,9,2050,
509,portugal,3,33,1315,
510,costa,3,33,1315,
511,isolate,3,10,2001,
512,beating,3,47,1120,
513,black,3,74,817,
514,arms,3,49,1098,
515,surprise,3,84,728,
516,demands,3,80,760,
517,lie,3,28,1424,
518,longer,3,245,253,
519,hate,3,52,1060,
520,split,3,78,778,
521,team,3,200,329,
522,wage,3,82,747,
523,food,3,56,1002,
524,critics,3,124,531,
525,teacher,3,79,769,
526,opening,3,66,902,
527,beheading,3,16,1759,
528,connection,3,22,1561,
529,search,3,32,1335,
530,spread,3,89,694,
531,politician,3,185,364,
532,dialogue,3,92,675,
533,suspect,3,50,1086,
534,injured,3,54,1023,
535,approach,3,207,315,
536,twitter,3,263,234,
537,castaner,3,127,517,
538,rebels,3,29,1397,
539,women,3,225,289,
540,office,3,536,89,
541,monday,3,552,84,
542,term,3,437,116,
543,greens,3,109,599,
544,stumbles,3,3,2442,
545,major,3,392,134,
546,cities,3,147,457,
547,signals,3,16,1759,
548,woes,3,17,1729,
549,worker,3,59,962,
550,tackle,3,56,1002,
551,north,3,164,412,
552,africa,3,68,882,
553,parallel,3,34,1293,
554,edouard,3,119,554,
555,fate,3,52,1060,
556,puts,3,40,1194,
557,plots,3,3,2442,
558,exit,3,77,789,
559,financial,3,323,174,
560,lives,3,68,882,
561,nuclear,3,121,545,
562,plays,3,16,1759,
563,shirt,3,20,1644,
564,guide,3,29,1397,
565,charlemagne,3,8,2109,
566,sylvie,3,44,1144,
567,domestic,3,164,412,
568,failure,3,86,713,
569,official,3,683,58,
570,anger,3,112,583,
571,sees,3,84,728,
572,jacques,3,143,468,
573,chirac,3,161,417,
574,beautiful,3,35,1278,
575,united,3,393,133,
576,wauquiez,3,127,517,
577,appeal,3,120,551,
578,young,3,304,193,
579,orbán,3,55,1012,
580,brace,3,2,2541,
581,parties,3,453,112,
582,campaigns,3,86,713,
583,lower,3,177,381,
584,soldiers,3,44,1144,
585,general,3,324,173,
586,declares,3,3,2442,
587,head,3,428,121,
588,greatest,3,29,1397,
589,aides,3,164,412,
590,grand,3,112,583,
591,metoo,3,15,1794,
592,pick,3,73,831,
593,influence,3,156,432,
594,protester,3,39,1214,
595,real,3,303,194,
596,approves,3,0,2815,
597,kill,3,31,1360,
598,raid,3,23,1536,
599,flag,3,40,1194,
600,tighten,3,8,2109,
601,mistake,3,60,954,
602,angry,3,51,1074,
603,blows,3,12,1911,
604,trolls,3,6,2234,
605,defuse,3,9,2050,
606,platform,3,261,237,
607,students,3,124,531,
608,gas,3,94,664,
609,spy,3,28,1424,
610,resigns,3,5,2299,
611,frenchman,3,18,1699,
612,cuts,3,101,630,
613,torture,3,7,2174,
614,hulot,3,72,840,
615,refuses,3,23,1536,
616,votes,3,249,247,
617,benalla,3,107,605,
618,invites,3,5,2299,
619,greece,3,66,902,
620,bodyguard,3,21,1602,
621,isis,3,28,1424,
622,point,3,383,142,
623,fine,3,65,912,
624,madrid,3,50,1086,
625,sun,3,34,1293,
626,spanish,3,119,554,
627,asylum,3,112,583,
628,kim,3,11,1946,
629,phone,3,70,862,
630,rallies,3,56,1002,
631,citizenship,3,55,1012,
632,harassment,3,64,919,
633,money,3,229,282,
634,islamic,3,124,531,
635,accord,3,38,1230,
636,shoulder,3,24,1515,
637,puigdemont,3,47,1120,
638,questions,3,196,338,
639,remark,3,14,1834,
640,libyan,3,34,1293,
641,funding,3,82,747,
642,address,3,193,344,
643,west,3,85,720,
644,newspapers,3,48,1112,
645,eurozone,3,321,179,
646,candidacy,3,119,554,
647,dilemma,3,20,1644,
648,pictures,3,39,1214,
649,rivals,3,194,342,
650,banks,3,88,702,
651,magic,3,5,2299,
652,♥,3,0,2815,
653,cost,3,117,565,
654,class,3,164,412,
655,reality,3,85,720,
656,marche,3,443,114,
657,borders,3,116,570,
658,jupiter,3,25,1494,
659,lady,3,33,1315,
660,reasons,3,111,589,
661,hiring,3,84,728,
662,schulz,3,81,753,
663,forget,3,38,1230,
664,breach,3,25,1494,
665,soft,3,27,1449,
666,assistants,3,83,739,
667,nepotism,3,23,1536,
668,pour,3,124,531,
669,présidentiel,3,3,2442,
670,endorses,3,0,2815,
671,fast,3,64,919,
672,fear,3,106,607,
673,campagne,3,22,1561,
674,tour,3,43,1156,
675,percée,3,3,2442,
676,penelope,3,65,912,
677,attacked,3,67,893,
678,path,3,56,1002,
679,isil,3,66,902,
680,affaire,3,7,2174,
681,rival,3,232,278,
682,momentum,3,74,817,
683,lagarde,3,27,1449,
684,legion,3,10,2001,
685,droite,3,14,1834,
686,card,3,26,1475,
687,panic,3,16,1759,
688,muslim,3,212,305,
689,uber,3,37,1247,
690,taxi,3,48,1112,
691,terms,2,151,447,
692,jewish,2,54,1023,
693,navalny,2,22,1561,
694,india,2,11,1946,
695,cut,2,114,577,
696,troops,2,64,919,
697,age,2,178,377,
698,consent,2,23,1536,
699,citizens,2,269,226,
700,stands,2,64,919,
701,raises,2,21,1602,
702,secular,2,32,1335,
703,probes,2,14,1834,
704,dinner,2,57,987,
705,meetings,2,116,570,
706,extends,2,4,2365,
707,nationwide,2,53,1042,
708,blind,2,22,1561,
709,sluggish,2,9,2050,
710,astrazeneca,2,20,1644,
711,mulls,2,2,2541,
712,digital,2,97,644,
713,conviction,2,26,1475,
714,citizen,2,96,653,
715,pits,2,2,2541,
716,meals,2,11,1946,
717,eurostar,2,9,2050,
718,islamo,2,15,1794,
719,leftist,2,89,694,
720,assembly,2,212,305,
721,meant,2,122,539,
722,ambitions,2,52,1060,
723,sciences,2,84,728,
724,opponents,2,137,485,
725,comment,2,146,462,
726,mckinsey,2,48,1112,
727,gang,2,14,1834,
728,finds,2,22,1561,
729,countries,2,600,69,
730,relationship,2,217,297,
731,sales,2,36,1258,
732,lose,2,139,481,
733,issues,2,325,172,
734,hopes,2,73,831,
735,rattle,2,2,2541,
736,rollout,2,15,1794,
737,mind,2,102,626,
738,gérald,2,49,1098,
739,darmanin,2,191,349,
740,risky,2,19,1673,
741,semitic,2,35,1278,
742,lunch,2,64,919,
743,award,2,9,2050,
744,environmental,2,85,720,
745,combat,2,45,1138,
746,gay,2,53,1042,
747,tank,2,54,1023,
748,hungary,2,55,1012,
749,rule,2,116,570,
750,pays,2,28,1424,
751,tribute,2,23,1536,
752,season,2,18,1699,
753,tourists,2,28,1424,
754,valéry,2,32,1335,
755,images,2,754,51,
756,expresses,2,2,2541,
757,journalists,2,209,312,
758,beats,2,2,2541,
759,friday,2,354,153,
760,mail,2,65,912,
761,stresses,2,1,2664,
762,knocks,2,0,2815,
763,biden,2,32,1335,
764,backlash,2,55,1012,
765,wounded,2,18,1699,
766,urge,2,8,2109,
767,diplomatic,2,170,399,
768,turmoil,2,21,1602,
769,minimum,2,67,893,
770,deadly,2,22,1561,
771,decries,2,1,2664,
772,inside,2,72,840,
773,cartoons,2,38,1230,
774,recalls,2,4,2365,
775,killing,2,51,1074,
776,mayors,2,72,840,
777,requests,2,34,1293,
778,detain,2,9,2050,
779,areas,2,114,577,
780,initiative,2,93,671,
781,main,2,302,196,
782,offices,2,39,1214,
783,number,2,322,176,
784,arrest,2,38,1230,
785,criticizes,2,6,2234,
786,destruction,2,22,1561,
787,making,2,339,161,
788,lawmaker,2,41,1181,
789,beirut,2,32,1335,
790,stage,2,178,377,
791,question,2,332,167,
792,ruin,2,7,2174,
793,deadline,2,33,1315,
794,economy,2,589,73,
795,shrinks,2,0,2815,
796,closures,2,8,2109,
797,hould,2,0,2815,
798,distancing,2,17,1729,
799,ditches,2,0,2815,
800,reveal,2,17,1729,
801,loser,2,23,1536,
802,sentenced,2,25,1494,
803,conquer,2,7,2174,
804,considers,2,29,1397,
805,fined,2,20,1644,
806,chokehold,2,5,2299,
807,arrests,2,20,1644,
808,hints,2,13,1872,
809,scraps,2,2,2541,
810,bastille,2,43,1156,
811,demonstration,2,46,1131,
812,draws,2,18,1699,
813,hands,2,112,583,
814,loses,2,21,1602,
815,alleged,2,135,492,
816,sound,2,36,1258,
817,lonely,2,6,2234,
818,shutdown,2,12,1911,
819,epidemic,2,42,1171,
820,democratic,2,207,315,
821,unity,2,89,694,
822,education,2,160,423,
823,tests,2,22,1561,
824,positive,2,68,882,
825,fails,2,21,1602,
826,level,2,241,260,
827,confirms,2,8,2109,
828,kicks,2,13,1872,
829,account,2,105,615,
830,website,2,84,728,
831,thinks,2,49,1098,
832,winning,2,185,364,
833,forced,2,150,449,
834,truce,2,13,1872,
835,playing,2,65,912,
836,discontent,2,30,1379,
837,count,2,50,1086,
838,overhaul,2,90,686,
839,process,2,181,373,
840,mark,2,76,799,
841,worse,2,58,973,
842,liberals,2,43,1156,
843,starring,2,2,2541,
844,finger,2,12,1911,
845,internal,2,155,438,
846,failures,2,17,1729,
847,rest,2,96,653,
848,sarko,2,20,1644,
849,breaks,2,16,1759,
850,friendship,2,27,1449,
851,tree,2,9,2050,
852,rich,2,67,893,
853,alliance,2,174,390,
854,repay,2,13,1872,
855,endgame,2,2,2541,
856,ballot,2,67,893,
857,euroskeptic,2,78,778,
858,freeze,2,11,1946,
859,fundraising,2,11,1946,
860,adviser,2,286,207,
861,reaches,2,7,2174,
862,tech,2,45,1138,
863,officials,2,594,70,
864,extreme,2,78,778,
865,open,2,286,207,
866,street,2,142,474,
867,champion,2,35,1278,
868,lifts,2,3,2442,
869,cdu,2,50,1086,
870,renaissance,2,66,902,
871,expect,2,79,769,
872,munich,2,10,2001,
873,loss,2,58,973,
874,dispute,2,59,962,
875,bardot,2,8,2109,
876,lays,2,4,2365,
877,matteo,2,64,919,
878,blames,2,6,2234,
879,mercron,2,1,2664,
880,fury,2,22,1561,
881,prison,2,61,941,
882,dozens,2,54,1023,
883,arrested,2,76,799,
884,davos,2,23,1536,
885,maio,2,53,1042,
886,picks,2,7,2174,
887,stories,2,33,1315,
888,passport,2,29,1397,
889,troubles,2,47,1120,
890,shot,2,98,639,
891,calm,2,46,1131,
892,economic,2,582,75,
893,lock,2,19,1673,
894,video,2,129,511,
895,taxing,2,14,1834,
896,turn,2,224,290,
897,riot,2,34,1293,
898,acting,2,44,1144,
899,motorist,2,1,2664,
900,royal,2,71,848,
901,blasts,2,2,2541,
902,looms,2,4,2365,
903,slip,2,16,1759,
904,latest,2,156,432,
905,opinion,2,233,275,
906,result,2,244,258,
907,sons,2,3,2442,
908,saudi,2,29,1397,
909,prince,2,16,1759,
910,sale,2,31,1360,
911,tells,2,19,1673,
912,machine,2,36,1258,
913,control,2,187,357,
914,forces,2,233,275,
915,hand,2,190,350,
916,barcelona,2,34,1293,
917,plummets,2,0,2815,
918,ordered,2,61,941,
919,€k,2,0,2815,
920,calling,2,226,287,
921,cheer,2,7,2174,
922,popular,2,262,235,
923,departure,2,68,882,
924,bump,2,10,2001,
925,plot,2,17,1729,
926,shock,2,61,941,
927,transfer,2,23,1536,
928,star,2,122,539,
929,survives,2,2,2541,
930,confidence,2,113,579,
931,ice,2,10,2001,
932,manu,2,6,2234,
933,beatle,2,0,2815,
934,continent,2,121,545,
935,direction,2,67,893,
936,showdown,2,29,1397,
937,era,2,53,1042,
938,pack,2,8,2109,
939,bridge,2,22,1561,
940,half,2,189,353,
941,seek,2,124,531,
942,premier,2,41,1181,
943,ngo,2,24,1515,
944,train,2,74,817,
945,grinds,2,0,2815,
946,governing,2,61,941,
947,guilty,2,34,1293,
948,prize,2,35,1278,
949,australian,2,5,2299,
950,deliciou,2,0,2815,
951,distance,2,54,1023,
952,chance,2,227,284,
953,rebellion,2,53,1042,
954,study,2,54,1023,
955,olivier,2,77,789,
956,faure,2,22,1561,
957,upholds,2,0,2815,
958,républicains,2,486,100,
959,supermarket,2,29,1397,
960,wake,2,99,637,
961,renaming,2,2,2541,
962,proposes,2,17,1729,
963,revenge,2,26,1475,
964,northern,2,154,440,
965,values,2,198,333,
966,policies,2,274,222,
967,divides,2,8,2109,
968,vestager,2,45,1138,
969,falls,2,21,1602,
970,deep,2,127,517,
971,appeals,2,21,1602,
972,flirtation,2,1,2664,
973,unsettles,2,0,2815,
974,jong,2,9,2050,
975,gambit,2,1,2664,
976,boosts,2,3,2442,
977,mass,2,80,760,
978,brawl,2,10,2001,
979,pledge,2,61,941,
980,raise,2,70,862,
981,wave,2,103,620,
982,winners,2,11,1946,
983,losers,2,11,1946,
984,delays,2,18,1699,
985,mayday,2,1,2664,
986,israel,2,54,1023,
987,door,2,75,809,
988,smile,2,14,1834,
989,task,2,89,694,
990,force,2,291,205,
991,charm,2,8,2109,
992,collapse,2,59,962,
993,silicon,2,10,2001,
994,valley,2,17,1729,
995,seine,2,38,1230,
996,stripped,2,15,1794,
997,bonds,2,18,1699,
998,léglise,2,20,1644,
999,beat,2,66,902,
1000,signs,2,69,871,
1001,florian,2,77,789,
1002,philippot,2,189,353,
1003,gate,2,5,2299,
1004,predicts,2,5,2299,
1005,pitch,2,21,1602,
1006,shipyard,2,10,2001,
1007,heads,2,75,809,
1008,rentrée,2,3,2442,
1009,jeremy,2,34,1293,
1010,corbyn,2,38,1230,
1011,unemployment,2,190,350,
1012,episode,2,19,1673,
1013,makeover,2,1,2664,
1014,months,2,552,84,
1015,reveals,2,13,1872,
1016,role,2,317,185,
1017,rebel,2,36,1258,
1018,korea,2,36,1258,
1019,contest,2,80,760,
1020,mirror,2,27,1449,
1021,martin,2,69,871,
1022,avoid,2,166,403,
1023,soul,2,24,1515,
1024,lashes,2,1,2664,
1025,agree,2,120,551,
1026,mano,2,2,2541,
1027,tête,2,13,1872,
1028,shape,2,36,1258,
1029,obstacles,2,29,1397,
1030,independence,2,121,545,
1031,dreams,2,13,1872,
1032,hamburg,2,19,1673,
1033,hangover,2,2,2541,
1034,project,2,167,401,
1035,tate,2,0,2815,
1036,versailles,2,39,1214,
1037,moscovici,2,24,1515,
1038,simone,2,11,1946,
1039,veil,2,38,1230,
1040,seizes,2,0,2815,
1041,ethics,2,21,1602,
1042,hijack,2,3,2442,
1043,step,2,173,392,
1044,judge,2,68,882,
1045,élections,2,4,2365,
1046,dorian,2,2,2541,
1047,gray,2,10,2001,
1048,élysée,2,70,862,
1049,burkinis,2,15,1794,
1050,richard,2,58,973,
1051,ferrand,2,137,485,
1052,night,2,250,245,
1053,travail,2,21,1602,
1054,fired,2,47,1120,
1055,reacted,2,29,1397,
1056,reads,2,24,1515,
1057,learned,2,29,1397,
1058,cyber,2,13,1872,
1059,targets,2,41,1181,
1060,live,2,156,432,
1061,increases,2,20,1644,
1062,reject,2,32,1335,
1063,frexit,2,22,1561,
1064,headed,2,56,1002,
1065,leftists,2,26,1475,
1066,chamber,2,32,1335,
1067,supporting,2,58,973,
1068,unites,2,4,2365,
1069,final,2,218,295,
1070,neck,2,59,962,
1071,decline,2,54,1023,
1072,interview,2,418,125,
1073,wartime,2,6,2234,
1074,firebrand,2,41,1181,
1075,threat,2,160,423,
1076,loves,2,3,2442,
1077,hired,2,38,1230,
1078,billionaire,2,17,1729,
1079,daughters,2,14,1834,
1080,unchained,2,0,2815,
1081,build,2,149,451,
1082,received,2,146,462,
1083,loan,2,53,1042,
1084,husband,2,61,941,
1085,february,2,132,497,
1086,splits,2,3,2442,
1087,breitbart,2,40,1194,
1088,headscarf,2,32,1335,
1089,deepen,2,20,1644,
1090,attacker,2,40,1194,
1091,payments,2,33,1315,
1092,choices,2,44,1144,
1093,growing,2,111,589,
1094,mp,2,260,239,
1095,cover,2,62,933,
1096,christine,2,22,1561,
1097,tycoon,2,5,2299,
1098,candidature,2,5,2299,
1099,cazeneuve,2,44,1144,
1100,worst,2,72,840,
1101,hope,2,199,331,
1102,air,2,106,607,
1103,knock,2,15,1794,
1104,politique,2,21,1602,
1105,editor,2,93,671,
1106,dismantle,2,7,2174,
1107,lobby,2,32,1335,
1108,sms,2,3,2442,
1109,exclusion,2,8,2109,
1110,closer,2,107,605,
1111,arnaud,2,71,848,
1112,montebourg,2,153,445,
1113,offer,2,111,589,
1114,corsica,2,26,1475,
1115,alstom,2,36,1258,
1116,avec,2,53,1042,
1117,hillary,2,34,1293,
1118,woman,2,113,579,
1119,town,2,177,381,
1120,honneur,2,13,1872,
1121,behavior,2,74,817,
1122,liar,2,4,2365,
1123,july,2,190,350,
1124,sanctions,2,90,686,
1125,loi,2,13,1872,
1126,single,2,146,462,
1127,access,2,88,702,
1128,allemand,2,4,2365,
1129,fail,2,39,1214,
1130,business,2,246,250,
1131,strike,2,175,389,
1132,ibrahimović,2,6,2234,
1133,sapin,2,37,1247,
1134,rogue,2,3,2442,
1135,“,2,0,2815,
1136,”,2,0,2815,
1137,ça,2,26,1475,
1138,mieux,2,8,2109,
1139,ttip,2,10,2001,
1140,youth,2,77,789,
1141,cartoon,2,15,1794,
1142,carousel,2,0,2815,
1143,ruined,2,3,2442,
1144,scrambles,2,0,2815,
1145,strides,1,1,2664,
1146,cultural,1,82,747,
1147,napoleon,1,41,1181,
1148,memory,1,24,1515,
1149,reeling,1,11,1946,
1150,kiss,1,8,2109,
1151,glut,1,1,2664,
1152,struggles,1,29,1397,
1153,fallout,1,34,1293,
1154,pensioner,1,7,2174,
1155,murder,1,54,1023,
1156,launched,1,195,341,
1157,fatal,1,11,1946,
1158,stabbing,1,4,2365,
1159,super,1,60,954,
1160,responsible,1,90,686,
1161,quarantine,1,14,1834,
1162,travelers,1,18,1699,
1163,slam,1,2,2541,
1164,breakaway,1,16,1759,
1165,uper,1,0,2815,
1166,advises,1,9,2050,
1167,temporarily,1,25,1494,
1168,bring,1,179,376,
1169,brazil,1,21,1602,
1170,flight,1,19,1673,
1171,suspension,1,16,1759,
1172,vandalism,1,7,2174,
1173,concerns,1,148,453,
1174,trumped,1,1,2664,
1175,reformist,1,46,1131,
1176,luxury,1,22,1561,
1177,curbs,1,0,2815,
1178,tears,1,15,1794,
1179,consultancy,1,16,1759,
1180,deals,1,51,1074,
1181,rwandan,1,5,2299,
1182,genocide,1,14,1834,
1183,hospital,1,57,987,
1184,reboot,1,3,2442,
1185,oxford,1,11,1946,
1186,monthlong,1,1,2664,
1187,region,1,280,212,
1188,setting,1,85,720,
1189,zones,1,24,1515,
1190,threatened,1,71,848,
1191,withhold,1,6,2234,
1192,prevented,1,21,1602,
1193,pass,1,78,778,
1194,venues,1,7,2174,
1195,till,1,3,2442,
1196,convicted,1,40,1194,
1197,generation,1,79,769,
1198,identity,1,138,483,
1199,pupils,1,14,1834,
1200,banning,1,51,1074,
1201,symbols,1,24,1515,
1202,sentence,1,41,1181,
1203,crushes,1,3,2442,
1204,prospects,1,28,1424,
1205,rocks,1,6,2234,
1206,convention,1,74,817,
1207,flirting,1,2,2541,
1208,quarrels,1,5,2299,
1209,meatless,1,3,2442,
1210,riviera,1,11,1946,
1211,weekend,1,158,430,
1212,leftism,1,13,1872,
1213,anchor,1,9,2050,
1214,patrick,1,55,1012,
1215,poivre,1,8,2109,
1216,arvor,1,8,2109,
1217,scouring,1,3,2442,
1218,catch,1,25,1494,
1219,fraudsters,1,0,2815,
1220,bias,1,1,2664,
1221,academia,1,2,2541,
1222,extremism,1,31,1360,
1223,gathers,1,3,2442,
1224,illustrated,1,11,1946,
1225,obstacle,1,26,1475,
1226,challengers,1,10,2001,
1227,spars,1,0,2815,
1228,clément,1,22,1561,
1229,beaune,1,101,630,
1230,director,1,117,565,
1231,duhamel,1,26,1475,
1232,advantage,1,56,1002,
1233,cabinets,1,22,1561,
1234,conseil,1,32,1335,
1235,comme,1,28,1424,
1236,ont,1,39,1214,
1237,conquis,1,0,2815,
1238,consultants,1,35,1278,
1239,expulsion,1,14,1834,
1240,diplomats,1,61,941,
1241,china,1,127,517,
1242,dissatisfaction,1,9,2050,
1243,rise,1,161,417,
1244,admires,1,1,2664,
1245,warp,1,1,2664,
1246,quasi,1,13,1872,
1247,ineffective,1,7,2174,
1248,older,1,32,1335,
1249,hamper,1,2,2541,
1250,dog,1,7,2174,
1251,pet,1,8,2109,
1252,stores,1,20,1644,
1253,sufficient,1,21,1602,
1254,apologize,1,9,2050,
1255,algeria,1,21,1602,
1256,colonization,1,13,1872,
1257,benefits,1,81,753,
1258,invisible,1,13,1872,
1259,hurt,1,35,1278,
1260,charter,1,33,1315,
1261,imams,1,22,1561,
1262,piercing,1,0,2815,
1263,wrinkles,1,2,2541,
1264,ruckus,1,3,2442,
1265,procurement,1,17,1729,
1266,incest,1,5,2299,
1267,scientist,1,32,1335,
1268,establishment,1,143,468,
1269,consultancies,1,29,1397,
1270,vaccination,1,69,871,
1271,poses,1,35,1278,
1272,busting,1,4,2365,
1273,rave,1,2,2541,
1274,quiz,1,0,2815,
1275,condemned,1,45,1138,
1276,angers,1,5,2299,
1277,tweets,1,40,1194,
1278,targeting,1,36,1258,
1279,contestant,1,1,2664,
1280,prompts,1,3,2442,
1281,dishonorable,1,1,2664,
1282,italians,1,15,1794,
1283,egypt,1,11,1946,
1284,radicalism,1,19,1673,
1285,niece,1,60,954,
1286,authoritarian,1,26,1475,
1287,vetoing,1,0,2815,
1288,visionary,1,8,2109,
1289,intelligence,1,115,574,
1290,inspect,1,5,2299,
1291,mosques,1,23,1536,
1292,suspicion,1,37,1247,
1293,eparatism,1,0,2815,
1294,alpine,1,1,2664,
1295,ski,1,18,1699,
1296,resorts,1,4,2365,
1297,dread,1,2,2541,
1298,backtrack,1,3,2442,
1299,thousands,1,137,485,
1300,hame,1,0,2815,
1301,rewrite,1,13,1872,
1302,eases,1,1,2664,
1303,dismantling,1,14,1834,
1304,feeds,1,7,2174,
1305,footage,1,52,1060,
1306,postpone,1,15,1794,
1307,rectify,1,2,2541,
1308,blatant,1,4,2365,
1309,treatment,1,39,1214,
1310,tanker,1,2,2541,
1311,depends,1,13,1872,
1312,guarantee,1,46,1131,
1313,crackdown,1,22,1561,
1314,filming,1,8,2109,
1315,ballots,1,30,1379,
1316,lax,1,7,2174,
1317,learn,1,34,1293,
1318,delay,1,41,1181,
1319,imam,1,8,2109,
1320,feasible,1,2,2541,
1321,rector,1,2,2541,
1322,experiment,1,17,1729,
1323,muddled,1,4,2365,
1324,messaging,1,15,1794,
1325,fuels,1,7,2174,
1326,contradicts,1,3,2442,
1327,dissolve,1,10,2001,
1328,turkish,1,83,739,
1329,ultranationalist,1,5,2299,
1330,priest,1,17,1729,
1331,shooting,1,20,1644,
1332,lyon,1,77,789,
1333,deployment,1,13,1872,
1334,surveillance,1,18,1699,
1335,technology,1,50,1086,
1336,series,1,173,392,
1337,beefs,1,0,2815,
1338,posts,1,50,1086,
1339,abroad,1,74,817,
1340,oecd,1,7,2174,
1341,contenders,1,36,1258,
1342,standing,1,105,615,
1343,leaves,1,53,1042,
1344,caricature,1,9,2050,
1345,backfire,1,6,2234,
1346,tension,1,34,1293,
1347,turf,1,8,2109,
1348,wars,1,30,1379,
1349,burnouts,1,2,2541,
1350,mongering,1,3,2442,
1351,turks,1,6,2234,
1352,boycott,1,16,1759,
1353,goods,1,31,1360,
1354,liner,1,4,2365,
1355,darkens,1,0,2815,
1356,shadow,1,31,1360,
1357,teachers,1,62,933,
1358,swimming,1,15,1794,
1359,pools,1,9,2050,
1360,complaint,1,36,1258,
1361,aisles,1,6,2234,
1362,closure,1,15,1794,
1363,denounced,1,36,1258,
1364,murdered,1,11,1946,
1365,urban,1,54,1023,
1366,jack,1,8,2109,
1367,lang,1,30,1379,
1368,epstein,1,28,1424,
1369,donation,1,9,2050,
1370,fund,1,117,565,
1371,movie,1,17,1729,
1372,crewed,1,0,2815,
1373,tested,1,41,1181,
1374,baltic,1,11,1946,
1375,reckons,1,2,2541,
1376,limits,1,50,1086,
1377,confesses,1,2,2541,
1378,stronger,1,80,760,
1379,multilateralism,1,6,2234,
1380,advice,1,45,1138,
1381,cheap,1,14,1834,
1382,cooks,1,0,2815,
1383,storm,1,26,1475,
1384,hundreds,1,85,720,
1385,monkey,1,5,2299,
1386,prospect,1,52,1060,
1387,despair,1,10,2001,
1388,dignity,1,15,1794,
1389,lebanese,1,48,1112,
1390,commitment,1,58,973,
1391,calendar,1,8,2109,
1392,bet,1,31,1360,
1393,magazine,1,97,644,
1394,depicting,1,10,2001,
1395,slave,1,8,2109,
1396,dodges,1,0,2815,
1397,retaliatory,1,2,2541,
1398,fort,1,21,1602,
1399,brégançon,1,11,1946,
1400,youngest,1,27,1449,
1401,transform,1,24,1515,
1402,ramp,1,11,1946,
1403,presence,1,65,912,
1404,mediterranean,1,47,1120,
1405,mask,1,26,1475,
1406,heatwave,1,1,2664,
1407,language,1,90,686,
1408,carrot,1,3,2442,
1409,delivers,1,28,1424,
1410,stern,1,13,1872,
1411,message,1,205,326,
1412,stricken,1,2,2541,
1413,quarter,1,53,1042,
1414,avoided,1,43,1156,
1415,feminists,1,9,2050,
1416,attractivenes,1,0,2815,
1417,title,1,57,987,
1418,ridicule,1,12,1911,
1419,place,1,471,105,
1420,castex,1,98,639,
1421,picking,1,20,1644,
1422,profile,1,121,545,
1423,bets,1,7,2174,
1424,greater,1,129,511,
1425,involvement,1,32,1335,
1426,sahel,1,13,1872,
1427,counterterrorism,1,14,1834,
1428,tightrope,1,2,2541,
1429,highlights,1,15,1794,
1430,mixed,1,24,1515,
1431,anne,1,74,817,
1432,throne,1,5,2299,
1433,haunting,1,1,2664,
1434,rated,1,4,2365,
1435,appointing,1,10,2001,
1436,dijon,1,4,2365,
1437,outbreaks,1,3,2442,
1438,continue,1,154,440,
1439,reset,1,21,1602,
1440,tear,1,59,962,
1441,statue,1,11,1946,
1442,floated,1,10,2001,
1443,comedian,1,18,1699,
1444,qaeda,1,8,2109,
1445,parade,1,25,1494,
1446,george,1,32,1335,
1447,floyd,1,10,2001,
1448,hairy,1,1,2664,
1449,absolute,1,45,1138,
1450,assault,1,58,973,
1451,trange,1,0,2815,
1452,farmers,1,52,1060,
1453,alarm,1,19,1673,
1454,cheese,1,11,1946,
1455,meltdown,1,9,2050,
1456,haired,1,12,1911,
1457,europeanist,1,0,2815,
1458,squeeze,1,5,2299,
1459,resurgent,1,9,2050,
1460,solidarity,1,84,728,
1461,gayle,1,1,2664,
1462,smith,1,5,2299,
1463,changing,1,62,933,
1464,testing,1,37,1247,
1465,country,1,1149,29,
1466,bars,1,21,1602,
1467,restaurants,1,34,1293,
1468,crunch,1,2,2541,
1469,disrupter,1,2,2541,
1470,convince,1,97,644,
1471,kids,1,13,1872,
1472,phones,1,2,2541,
1473,sexting,1,4,2365,
1474,secret,1,52,1060,
1475,sex,1,33,1315,
1476,soldier,1,23,1536,
1477,burkina,1,6,2234,
1478,faso,1,5,2299,
1479,roulette,1,0,2815,
1480,pragmatic,1,21,1602,
1481,based,1,258,240,
1482,photo,1,139,481,
1483,havre,1,22,1561,
1484,defiant,1,15,1794,
1485,suspends,1,0,2815,
1486,backed,1,145,467,
1487,site,1,92,675,
1488,powered,1,7,2174,
1489,concession,1,18,1699,
1490,striketime,1,0,2815,
1491,survival,1,20,1644,
1492,detached,1,12,1911,
1493,ursula,1,30,1379,
1494,marathon,1,15,1794,
1495,conflicts,1,28,1424,
1496,cult,1,9,2050,
1497,personality,1,33,1315,
1498,turtle,1,1,2664,
1499,spells,1,6,2234,
1500,reformer,1,22,1561,
1501,determined,1,72,840,
1502,existential,1,8,2109,
1503,unite,1,29,1397,
1504,defend,1,146,462,
1505,insulting,1,19,1673,
1506,nasty,1,22,1561,
1507,formally,1,62,933,
1508,embezzlement,1,17,1729,
1509,undermining,1,13,1872,
1510,agenda,1,221,293,
1511,outlines,1,3,2442,
1512,proposal,1,176,387,
1513,accession,1,18,1699,
1514,indicted,1,5,2299,
1515,islamophobic,1,5,2299,
1516,undercurrent,1,1,2664,
1517,bulgaria,1,26,1475,
1518,issue,1,237,267,
1519,remarks,1,75,809,
1520,uncertainty,1,37,1247,
1521,potential,1,205,326,
1522,competitor,1,10,2001,
1523,pointing,1,40,1194,
1524,betrayal,1,25,1494,
1525,follow,1,103,620,
1526,crisi,1,0,2815,
1527,fester,1,2,2541,
1528,rejection,1,46,1131,
1529,institutional,1,31,1360,
1530,justify,1,22,1561,
1531,extension,1,32,1335,
1532,unrelenting,1,7,2174,
1533,mounts,1,1,2664,
1534,mourn,1,1,2664,
1535,lovable,1,3,2442,
1536,aged,1,42,1171,
1537,disrupted,1,20,1644,
1538,bang,1,11,1946,
1539,heavyweight,1,24,1515,
1540,impropriety,1,3,2442,
1541,conducted,1,75,809,
1542,brazilian,1,12,1911,
1543,supports,1,33,1315,
1544,intention,1,62,933,
1545,pesticide,1,4,2365,
1546,includes,1,77,789,
1547,western,1,154,440,
1548,balkans,1,9,2050,
1549,teach,1,9,2050,
1550,literature,1,10,2001,
1551,suburb,1,44,1144,
1552,smoking,1,28,1424,
1553,stubbed,1,0,2815,
1554,unsteady,1,0,2815,
1555,crown,1,4,2365,
1556,transparency,1,30,1379,
1557,festival,1,16,1759,
1558,booed,1,9,2050,
1559,celebrations,1,14,1834,
1560,lobster,1,2,2541,
1561,dinners,1,15,1794,
1562,raids,1,27,1449,
1563,senior,1,295,204,
1564,ciudadanos,1,37,1247,
1565,comparable,1,14,1834,
1566,emerges,1,9,2050,
1567,slump,1,8,2109,
1568,pop,1,7,2174,
1569,frame,1,6,2234,
1570,defeats,1,14,1834,
1571,surge,1,29,1397,
1572,misused,1,22,1561,
1573,cjeu,1,0,2815,
1574,square,1,29,1397,
1575,wrestle,1,4,2365,
1576,leading,1,206,320,
1577,plugs,1,1,2664,
1578,supergroup,1,1,2664,
1579,wildfire,1,1,2664,
1580,pool,1,77,789,
1581,resources,1,57,987,
1582,heritage,1,23,1536,
1583,shakes,1,10,2001,
1584,scrap,1,29,1397,
1585,fully,1,81,753,
1586,extinguished,1,2,2541,
1587,tipped,1,12,1911,
1588,taxes,1,97,644,
1589,privatization,1,6,2234,
1590,malta,1,15,1794,
1591,allocate,1,3,2442,
1592,loiseau,1,68,882,
1593,piste,1,0,2815,
1594,sacked,1,17,1729,
1595,trong,1,0,2815,
1596,strains,1,2,2541,
1597,responds,1,4,2365,
1598,poseur,1,1,2664,
1599,poet,1,9,2050,
1600,reborn,1,2,2541,
1601,showman,1,2,2541,
1602,misunderstanding,1,4,2365,
1603,decathlon,1,5,2299,
1604,hijab,1,7,2174,
1605,online,1,152,446,
1606,semitism,1,33,1315,
1607,senators,1,11,1946,
1608,accuse,1,46,1131,
1609,withholding,1,5,2299,
1610,orgy,1,1,2664,
1611,psychotherapy,1,2,2541,
1612,twitch,1,4,2365,
1613,condemns,1,6,2234,
1614,fireworks,1,7,2174,
1615,suggests,1,63,929,
1616,truths,1,7,2174,
1617,pocket,1,6,2234,
1618,fingers,1,5,2299,
1619,winner,1,71,848,
1620,conference,1,233,275,
1621,rome,1,76,799,
1622,repeated,1,79,769,
1623,animalist,1,3,2442,
1624,promotes,1,5,2299,
1625,champions,1,11,1946,
1626,railbus,1,0,2815,
1627,attempt,1,141,476,
1628,recording,1,11,1946,
1629,convenience,1,3,2442,
1630,gift,1,17,1729,
1631,responsive,1,2,2541,
1632,membership,1,91,683,
1633,reformed,1,14,1834,
1634,lecturing,1,7,2174,
1635,transport,1,81,753,
1636,staff,1,210,308,
1637,heartland,1,0,2815,
1638,jumps,1,1,2664,
1639,kick,1,18,1699,
1640,laws,1,110,596,
1641,multiple,1,83,739,
1642,agitators,1,2,2541,
1643,stick,1,36,1258,
1644,probed,1,1,2664,
1645,registers,1,2,2541,
1646,trademark,1,6,2234,
1647,figures,1,148,453,
1648,charts,1,1,2664,
1649,flop,1,6,2234,
1650,communists,1,6,2234,
1651,recruit,1,12,1911,
1652,consecutive,1,19,1673,
1653,respite,1,2,2541,
1654,lies,1,57,987,
1655,beneath,1,2,2541,
1656,uprising,1,12,1911,
1657,foot,1,17,1729,
1658,deficit,1,76,799,
1659,increase,1,143,468,
1660,santa,1,2,2541,
1661,hole,1,8,2109,
1662,sweeteners,1,2,2541,
1663,catastrophe,1,13,1872,
1664,reckoning,1,10,2001,
1665,mode,1,11,1946,
1666,knees,1,11,1946,
1667,poor,1,79,769,
1668,climbdown,1,3,2442,
1669,canceled,1,24,1515,
1670,smacking,1,1,2664,
1671,detriment,1,5,2299,
1672,spot,1,27,1449,
1673,tweak,1,5,2299,
1674,rages,1,0,2815,
1675,mobilize,1,12,1911,
1676,mutiny,1,5,2299,
1677,tweet,1,64,919,
1678,lack,1,156,432,
1679,decency,1,9,2050,
1680,anniversary,1,54,1023,
1681,wanted,1,224,290,
1682,speaking,1,230,281,
1683,judgment,1,12,1911,
1684,charms,1,1,2664,
1685,collaborator,1,5,2299,
1686,pond,1,4,2365,
1687,ultra,1,56,1002,
1688,howdown,1,0,2815,
1689,boot,1,0,2815,
1690,hails,1,6,2234,
1691,caledonia,1,6,2234,
1692,unexpected,1,24,1515,
1693,pundits,1,15,1794,
1694,worried,1,64,919,
1695,quake,1,1,2664,
1696,hesse,1,8,2109,
1697,teaches,1,2,2541,
1698,headlines,1,44,1144,
1699,khashoggi,1,7,2174,
1700,arabia,1,25,1494,
1701,morals,1,4,2365,
1702,freakout,1,0,2815,
1703,treaty,1,103,620,
1704,brits,1,32,1335,
1705,cliff,1,6,2234,
1706,edge,1,21,1602,
1707,safety,1,43,1156,
1708,turns,1,27,1449,
1709,drunk,1,4,2365,
1710,gaffes,1,4,2365,
1711,interpol,1,4,2365,
1712,reported,1,974,37,
1713,missing,1,23,1536,
1714,spins,1,0,2815,
1715,unblocks,1,0,2815,
1716,subsidies,1,23,1536,
1717,accepting,1,21,1602,
1718,chequers,1,8,2109,
1719,suicidal,1,5,2299,
1720,undergo,1,9,2050,
1721,psychiatric,1,2,2541,
1722,evaluation,1,12,1911,
1723,memorabilia,1,0,2815,
1724,worth,1,52,1060,
1725,sold,1,33,1315,
1726,finishing,1,11,1946,
1727,admit,1,27,1449,
1728,algerian,1,31,1360,
1729,review,1,28,1424,
1730,swedish,1,13,1872,
1731,pedaling,1,0,2815,
1732,opponent,1,76,799,
1733,shaky,1,5,2299,
1734,ground,1,165,408,
1735,isolation,1,21,1602,
1736,grows,1,8,2109,
1737,depend,1,40,1194,
1738,macronomics,1,2,2541,
1739,uninvited,1,1,2664,
1740,web,1,50,1086,
1741,magnette,1,11,1946,
1742,uproar,1,13,1872,
1743,wwi,1,1,2664,
1744,ceremony,1,39,1214,
1745,vélo,1,0,2815,
1746,rattled,1,3,2442,
1747,clamps,1,0,2815,
1748,upskirting,1,1,2664,
1749,pervert,1,1,2664,
1750,accidental,1,8,2109,
1751,berlusconi,1,15,1794,
1752,blocks,1,10,2001,
1753,broadcasting,1,6,2234,
1754,tuff,1,0,2815,
1755,south,1,93,671,
1756,ryanair,1,3,2442,
1757,treads,1,1,2664,
1758,lippery,1,0,2815,
1759,affair,1,82,747,
1760,faceoff,1,3,2442,
1761,channelling,1,0,2815,
1762,biblical,1,1,2664,
1763,inferno,1,2,2541,
1764,freaking,1,0,2815,
1765,spark,1,8,2109,
1766,human,1,117,565,
1767,drama,1,17,1729,
1768,penalty,1,15,1794,
1769,states,1,334,164,
1770,grill,1,2,2541,
1771,dismissed,1,72,840,
1772,advise,1,10,2001,
1773,buddies,1,3,2442,
1774,drift,1,14,1834,
1775,frail,1,1,2664,
1776,grip,1,19,1673,
1777,bleus,1,2,2541,
1778,wrecked,1,1,2664,
1779,noses,1,7,2174,
1780,hosts,1,11,1946,
1781,europopulists,1,0,2815,
1782,idea,1,341,159,
1783,sounded,1,29,1397,
1784,mourns,1,0,2815,
1785,blue,1,59,962,
1786,monarch,1,6,2234,
1787,horrifie,1,0,2815,
1788,impose,1,57,987,
1789,troubled,1,21,1602,
1790,sends,1,8,2109,
1791,reminder,1,13,1872,
1792,spending,1,178,377,
1793,mini,1,12,1911,
1794,academy,1,12,1911,
1795,dismayed,1,6,2234,
1796,ánchez,1,0,2815,
1797,mafia,1,1,2664,
1798,rage,1,15,1794,
1799,wolf,1,6,2234,
1800,royals,1,2,2541,
1801,tea,1,7,2174,
1802,trumps,1,1,2664,
1803,differences,1,84,728,
1804,purgatory,1,2,2541,
1805,aquarius,1,10,2001,
1806,boat,1,16,1759,
1807,hijacks,1,0,2815,
1808,summons,1,0,2815,
1809,ummit,1,0,2815,
1810,century,1,96,653,
1811,gravy,1,1,2664,
1812,halt,1,32,1335,
1813,cannonball,1,1,2664,
1814,sausage,1,0,2815,
1815,terrible,1,23,1536,
1816,ranking,1,28,1424,
1817,prematurely,1,1,2664,
1818,sorrow,1,1,2664,
1819,liège,1,2,2541,
1820,questioning,1,30,1379,
1821,management,1,51,1074,
1822,piderman,1,0,2815,
1823,crimes,1,30,1379,
1824,thwarted,1,10,2001,
1825,reimburse,1,12,1911,
1826,menopausal,1,1,2664,
1827,laundering,1,6,2234,
1828,chechen,1,17,1729,
1829,born,1,86,713,
1830,carried,1,125,528,
1831,whiff,1,3,2442,
1832,consolation,1,6,2234,
1833,flattered,1,4,2365,
1834,description,1,10,2001,
1835,indignation,1,10,2001,
1836,america,1,95,659,
1837,pecial,1,0,2815,
1838,withdraw,1,59,962,
1839,bromance,1,7,2174,
1840,conceals,1,2,2541,
1841,minimal,1,8,2109,
1842,brushes,1,5,2299,
1843,dandruff,1,2,2541,
1844,perfect,1,30,1379,
1845,guarantor,1,3,2442,
1846,order,1,318,183,
1847,serve,1,62,933,
1848,steam,1,19,1673,
1849,forged,1,7,2174,
1850,signal,1,52,1060,
1851,trade,1,382,143,
1852,flatters,1,0,2815,
1853,seize,1,23,1536,
1854,convinced,1,73,831,
1855,stay,1,134,493,
1856,statements,1,78,778,
1857,memoir,1,6,2234,
1858,viktor,1,30,1379,
1859,celebrates,1,3,2442,
1860,degree,1,25,1494,
1861,ees,1,0,2815,
1862,spring,1,53,1042,
1863,confront,1,10,2001,
1864,rail,1,71,848,
1865,attrition,1,4,2365,
1866,holocaust,1,31,1360,
1867,naive,1,3,2442,
1868,officer,1,59,962,
1869,gunman,1,11,1946,
1870,paul,1,65,912,
1871,ryan,1,8,2109,
1872,congress,1,54,1023,
1873,wild,1,22,1561,
1874,reiterates,1,2,2541,
1875,poisoning,1,20,1644,
1876,assassination,1,11,1946,
1877,racist,1,52,1060,
1878,historic,1,42,1171,
1879,swore,1,1,2664,
1880,poisoned,1,10,2001,
1881,ayatollahs,1,1,2664,
1882,projects,1,44,1144,
1883,günther,1,1,2664,
1884,oettinger,1,1,2664,
1885,respect,1,123,537,
1886,investment,1,112,583,
1887,immigration,1,192,347,
1888,rating,1,42,1171,
1889,ankara,1,37,1247,
1890,emerge,1,23,1536,
1891,homeless,1,18,1699,
1892,pizzamaker,1,1,2664,
1893,room,1,74,817,
1894,quash,1,1,2664,
1895,resurgence,1,18,1699,
1896,sham,1,1,2664,
1897,propose,1,36,1258,
1898,reorganization,1,1,2664,
1899,master,1,20,1644,
1900,stretch,1,22,1561,
1901,rebrand,1,9,2050,
1902,answer,1,81,753,
1903,core,1,79,769,
1904,rank,1,35,1278,
1905,remains,1,210,308,
1906,spd,1,69,871,
1907,forward,1,180,374,
1908,channel,1,120,551,
1909,dared,1,10,2001,
1910,tread,1,8,2109,
1911,marks,1,24,1515,
1912,chapter,1,10,2001,
1913,appointed,1,100,632,
1914,governor,1,18,1699,
1915,banque,1,3,2442,
1916,spicy,1,1,2664,
1917,appetizer,1,0,2815,
1918,baguette,1,2,2541,
1919,load,1,8,2109,
1920,recognition,1,37,1247,
1921,bread,1,4,2365,
1922,gears,1,3,2442,
1923,firmnes,1,0,2815,
1924,opposing,1,24,1515,
1925,wind,1,13,1872,
1926,stéphane,1,34,1293,
1927,foll,1,31,1360,
1928,hambolic,1,0,2815,
1929,wobbles,1,3,2442,
1930,nationalist,1,68,882,
1931,ultimatum,1,11,1946,
1932,threaten,1,20,1644,
1933,prisoner,1,12,1911,
1934,phase,1,53,1042,
1935,dirty,1,22,1561,
1936,washington,1,100,632,
1937,medical,1,50,1086,
1938,romanian,1,8,2109,
1939,exile,1,7,2174,
1940,permanent,1,78,778,
1941,construction,1,35,1278,
1942,lightning,1,14,1834,
1943,decisive,1,44,1144,
1944,saving,1,8,2109,
1945,bacon,1,2,2541,
1946,tony,1,23,1536,
1947,blair,1,28,1424,
1948,institute,1,73,831,
1949,peaked,1,3,2442,
1950,compassion,1,1,2664,
1951,animals,1,10,2001,
1952,needed,1,159,427,
1953,private,1,173,392,
1954,plane,1,15,1794,
1955,releases,1,2,2541,
1956,dismisses,1,3,2442,
1957,heats,1,2,2541,
1958,bounces,1,0,2815,
1959,celebrate,1,29,1397,
1960,birthday,1,14,1834,
1961,luxurious,1,2,2541,
1962,château,1,4,2365,
1963,weaken,1,21,1602,
1964,sort,1,71,848,
1965,embraces,1,11,1946,
1966,lord,1,6,2234,
1967,darth,1,1,2664,
1968,moore,1,3,2442,
1969,euco,1,0,2815,
1970,wire,1,10,2001,
1971,tapping,1,9,2050,
1972,headache,1,17,1729,
1973,manhattan,1,3,2442,
1974,jamaica,1,4,2365,
1975,blues,1,2,2541,
1976,rock,1,21,1602,
1977,roll,1,25,1494,
1978,creates,1,27,1449,
1979,including,1,582,75,
1980,prestigious,1,23,1536,
1981,responsibility,1,119,554,
1982,middle,1,122,539,
1983,east,1,92,675,
1984,satan,1,1,2664,
1985,jerusalem,1,21,1602,
1986,irish,1,30,1379,
1987,tangle,1,3,2442,
1988,momentous,1,1,2664,
1989,partly,1,87,707,
1990,fault,1,19,1673,
1991,deplorable,1,1,2664,
1992,condition,1,57,987,
1993,«,1,34,1293,
1994,»,1,34,1293,
1995,prépare,1,1,2664,
1996,une,1,126,524,
1997,sortie,1,4,2365,
1998,sans,1,11,1946,
1999,punishable,1,9,2050,
2000,offense,1,22,1561,
2001,reason,1,128,515,
2002,accounts,1,70,862,
2003,oversee,1,6,2234,
2004,democrats,1,165,408,
2005,tolerate,1,16,1759,
2006,hammond,1,27,1449,
2007,eeyore,1,2,2541,
2008,persecution,1,12,1911,
2009,eems,1,0,2815,
2010,weakened,1,40,1194,
2011,searches,1,7,2174,
2012,partner,1,137,485,
2013,concern,1,98,639,
2014,curtain,1,2,2541,
2015,bids,1,4,2365,
2016,farewell,1,4,2365,
2017,rebound,1,3,2442,
2018,helm,1,11,1946,
2019,late,1,207,315,
2020,mutineer,1,1,2664,
2021,splash,1,6,2234,
2022,mise,1,8,2109,
2023,muriel,1,10,2001,
2024,pénicaud,1,26,1475,
2025,formula,1,7,2174,
2026,lane,1,6,2234,
2027,taxpayers,1,7,2174,
2028,paradise,1,3,2442,
2029,speaker,1,24,1515,
2030,disavows,1,0,2815,
2031,secession,1,9,2050,
2032,avoids,1,3,2442,
2033,confirmed,1,88,702,
2034,scalp,1,2,2541,
2035,replace,1,60,954,
2036,swiss,1,11,1946,
2037,scholar,1,6,2234,
2038,tariq,1,2,2541,
2039,ramadan,1,14,1834,
2040,scramble,1,4,2365,
2041,clock,1,11,1946,
2042,club,1,38,1230,
2043,brings,1,30,1379,
2044,zest,1,1,2664,
2045,weinstein,1,9,2050,
2046,reverberates,1,0,2815,
2047,divergences,1,10,2001,
2048,allemandes,1,1,2664,
2049,esm,1,5,2299,
2050,kremlin,1,38,1230,
2051,discussing,1,36,1258,
2052,problème,1,5,2299,
2053,mots,1,0,2815,
2054,rucku,1,0,2815,
2055,dents,1,1,2664,
2056,working,1,317,185,
2057,revive,1,24,1515,
2058,industry,1,127,517,
2059,backstage,1,0,2815,
2060,struggle,1,77,789,
2061,européenne,1,9,2050,
2062,stacks,1,1,2664,
2063,trategic,1,0,2815,
2064,dealt,1,20,1644,
2065,blow,1,56,1002,
2066,senate,1,73,831,
2067,casserole,1,1,2664,
2068,départ,1,2,2541,
2069,splitting,1,12,1911,
2070,escalate,1,8,2109,
2071,arrogance,1,15,1794,
2072,totally,1,58,973,
2073,narcissistic,1,5,2299,
2074,headquarters,1,73,831,
2075,couscous,1,2,2541,
2076,google,1,25,1494,
2077,facebook,1,108,603,
2078,blurs,1,0,2815,
2079,confiscate,1,2,2541,
2080,boxes,1,9,2050,
2081,passes,1,6,2234,
2082,lacker,1,1,2664,
2083,warpath,1,2,2541,
2084,streets,1,118,562,
2085,naval,1,9,2050,
2086,propaganda,1,24,1515,
2087,drop,1,77,789,
2088,forgotten,1,27,1449,
2089,sister,1,21,1602,
2090,ideas,1,206,320,
2091,specifics,1,6,2234,
2092,médiatique,1,1,2664,
2093,veganism,1,1,2664,
2094,crash,1,12,1911,
2095,council,1,319,181,
2096,fronts,1,16,1759,
2097,expert,1,34,1293,
2098,michael,1,23,1536,
2099,flaherty,1,2,2541,
2100,peril,1,5,2299,
2101,sacred,1,21,1602,
2102,cow,1,5,2299,
2103,shakeup,1,4,2365,
2104,nods,1,0,2815,
2105,quota,1,12,1911,
2106,african,1,43,1156,
2107,nations,1,97,644,
2108,explainer,1,1,2664,
2109,integrated,1,28,1424,
2110,spent,1,111,589,
2111,makeup,1,10,2001,
2112,wedge,1,6,2234,
2113,create,1,132,497,
2114,competition,1,95,659,
2115,cedes,1,2,2541,
2116,link,1,23,1536,
2117,timeline,1,5,2299,
2118,coming,1,240,263,
2119,earth,1,17,1729,
2120,cares,1,10,2001,
2121,informal,1,31,1360,
2122,marseille,1,90,686,
2123,hip,1,5,2299,
2124,startup,1,21,1602,
2125,duped,1,3,2442,
2126,activists,1,106,607,
2127,peaceful,1,28,1424,
2128,outcome,1,61,941,
2129,sour,1,8,2109,
2130,commissioner,1,78,778,
2131,expenses,1,25,1494,
2132,intern,1,4,2365,
2133,networking,1,3,2442,
2134,drives,1,3,2442,
2135,car,1,60,954,
2136,injures,1,0,2815,
2137,improve,1,49,1098,
2138,seeker,1,3,2442,
2139,frankfurt,1,21,1602,
2140,criminal,1,69,871,
2141,qatar,1,4,2365,
2142,cup,1,38,1230,
2143,buying,1,11,1946,
2144,improved,1,20,1644,
2145,snubs,1,0,2815,
2146,applications,1,23,1536,
2147,reflects,1,21,1602,
2148,moments,1,33,1315,
2149,suspected,1,78,778,
2150,dictating,1,3,2442,
2151,trap,1,15,1794,
2152,outcry,1,12,1911,
2153,searching,1,22,1561,
2154,rebellious,1,19,1673,
2155,modem,1,62,933,
2156,delights,1,0,2815,
2157,charmer,1,0,2815,
2158,wields,1,1,2664,
2159,pariah,1,4,2365,
2160,michelin,1,4,2365,
2161,rekindle,1,3,2442,
2162,romance,1,7,2174,
2163,maintain,1,56,1002,
2164,controls,1,59,962,
2165,maligned,1,0,2815,
2166,alpha,1,3,2442,
2167,males,1,3,2442,
2168,reaction,1,78,778,
2169,civilizational,1,7,2174,
2170,belt,1,4,2365,
2171,giddy,1,3,2442,
2172,delirious,1,3,2442,
2173,muster,1,10,2001,
2174,courage,1,19,1673,
2175,europeans,1,69,871,
2176,building,1,130,506,
2177,eye,1,61,941,
2178,rolls,1,6,2234,
2179,eat,1,15,1794,
2180,cake,1,5,2299,
2181,turned,1,176,387,
2182,sleep,1,12,1911,
2183,lacks,1,27,1449,
2184,française,1,39,1214,
2185,jupiterian,1,12,1911,
2186,strongman,1,13,1872,
2187,intense,1,28,1424,
2188,suffering,1,48,1112,
2189,sidekick,1,2,2541,
2190,designs,1,4,2365,
2191,idealist,1,1,2664,
2192,misuse,1,56,1002,
2193,tories,1,13,1872,
2194,labour,1,85,720,
2195,hang,1,4,2365,
2196,nouveaux,1,3,2442,
2197,parlementaires,1,1,2664,
2198,marriage,1,38,1230,
2199,finally,1,92,675,
2200,tender,1,8,2109,
2201,regulation,1,40,1194,
2202,dup,1,7,2174,
2203,secures,1,1,2664,
2204,upper,1,22,1561,
2205,democrat,1,38,1230,
2206,hurrah,1,1,2664,
2207,choose,1,83,739,
2208,earned,1,36,1258,
2209,consulting,1,53,1042,
2210,contract,1,51,1074,
2211,bundesbank,1,3,2442,
2212,problems,1,161,417,
2213,arnold,1,4,2365,
2214,schwarzenegger,1,7,2174,
2215,heckle,1,0,2815,
2216,selfie,1,7,2174,
2217,stops,1,29,1397,
2218,mania,1,7,2174,
2219,grips,1,3,2442,
2220,debut,1,9,2050,
2221,silver,1,8,2109,
2222,lining,1,9,2050,
2223,marielle,1,22,1561,
2224,sarnez,1,42,1171,
2225,moralizing,1,5,2299,
2226,pity,1,5,2299,
2227,succeeding,1,4,2365,
2228,triple,1,5,2299,
2229,législatives,1,2,2541,
2230,heading,1,53,1042,
2231,slumps,1,0,2815,
2232,dangerou,1,0,2815,
2233,sequel,1,0,2815,
2234,model,1,83,739,
2235,socialism,1,14,1834,
2236,knocked,1,28,1424,
2237,trail,1,26,1475,
2238,pierre,1,184,367,
2239,paying,1,59,962,
2240,fairer,1,6,2234,
2241,rediscovers,1,0,2815,
2242,mojo,1,3,2442,
2243,sharply,1,13,1872,
2244,baroin,1,51,1074,
2245,sacrificial,1,4,2365,
2246,lamb,1,4,2365,
2247,hot,1,29,1397,
2248,seat,1,97,644,
2249,planet,1,21,1602,
2250,legislatives,1,3,2442,
2251,biggest,1,163,416,
2252,challenges,1,94,664,
2253,landslide,1,22,1561,
2254,poles,1,5,2299,
2255,bearish,1,0,2815,
2256,cooperate,1,21,1602,
2257,banking,1,47,1120,
2258,affairs,1,264,232,
2259,république,1,221,293,
2260,awkward,1,15,1794,
2261,czar,1,3,2442,
2262,handshake,1,39,1214,
2263,innocent,1,20,1644,
2264,extremely,1,54,1023,
2265,direct,1,95,659,
2266,encounter,1,27,1449,
2267,verdict,1,18,1699,
2268,tremendou,1,0,2815,
2269,comedown,1,1,2664,
2270,réforme,1,3,2442,
2271,marché,1,7,2174,
2272,plunges,1,0,2815,
2273,priority,1,60,954,
2274,composition,1,8,2109,
2275,nouveau,1,8,2109,
2276,gouvernement,1,21,1602,
2277,satisfied,1,22,1561,
2278,brain,1,14,1834,
2279,revival,1,10,2001,
2280,neo,1,16,1759,
2281,activist,1,49,1098,
2282,documents,1,42,1171,
2283,announcement,1,84,728,
2284,updates,1,7,2174,
2285,inauguration,1,21,1602,
2286,wolfgang,1,15,1794,
2287,schäuble,1,31,1360,
2288,closing,1,41,1181,
2289,gambles,1,0,2815,
2290,novices,1,6,2234,
2291,dearly,1,1,2664,
2292,withdrawal,1,73,831,
2293,prochaine,1,2,2541,
2294,étape,1,2,2541,
2295,prepare,1,49,1098,
2296,expel,1,11,1946,
2297,beasts,1,5,2299,
2298,honeymoon,1,8,2109,
2299,lasted,1,12,1911,
2300,inertia,1,7,2174,
2301,reformism,1,1,2664,
2302,overcome,1,48,1112,
2303,mutual,1,27,1449,
2304,mistrust,1,15,1794,
2305,doctrine,1,16,1759,
2306,thinking,1,73,831,
2307,merci,1,4,2365,
2308,routing,1,1,2664,
2309,mood,1,53,1042,
2310,sours,1,0,2815,
2311,fade,1,2,2541,
2312,plight,1,9,2050,
2313,heated,1,8,2109,
2314,zingers,1,2,2541,
2315,yanis,1,7,2174,
2316,varoufakis,1,17,1729,
2317,parrots,1,0,2815,
2318,introducing,1,17,1729,
2319,compares,1,1,2664,
2320,extremist,1,32,1335,
2321,pleads,1,0,2815,
2322,winger,1,17,1729,
2323,dupont,1,43,1156,
2324,aignan,1,41,1181,
2325,afraid,1,22,1561,
2326,€m,1,0,2815,
2327,hire,1,27,1449,
2328,history,1,211,307,
2329,deuxième,1,1,2664,
2330,trumpist,1,4,2365,
2331,shift,1,64,919,
2332,whirpool,1,0,2815,
2333,selfies,1,8,2109,
2334,pollsters,1,71,848,
2335,smarter,1,1,2664,
2336,archives,1,12,1911,
2337,suitors,1,2,2541,
2338,jostle,1,1,2664,
2339,attention,1,106,607,
2340,enemy,1,40,1194,
2341,daughter,1,70,862,
2342,campaigned,1,38,1230,
2343,arithmetic,1,2,2541,
2344,odds,1,51,1074,
2345,meddling,1,15,1794,
2346,backing,1,86,713,
2347,wenn,1,5,2299,
2348,tatsächlich,1,1,2664,
2349,präsidentin,1,3,2442,
2350,wird,1,12,1911,
2351,rhetoric,1,74,817,
2352,confirm,1,27,1449,
2353,defeated,1,42,1171,
2354,hacked,1,5,2299,
2355,redefines,1,0,2815,
2356,dash,1,10,2001,
2357,holds,1,64,919,
2358,tongue,1,7,2174,
2359,pamela,1,1,2664,
2360,anderson,1,4,2365,
2361,demanded,1,44,1144,
2362,removed,1,19,1673,
2363,dans,1,94,664,
2364,mouchoir,1,0,2815,
2365,poche,1,0,2815,
2366,surplus,1,8,2109,
2367,hurts,1,1,2664,
2368,steinmeier,1,20,1644,
2369,lawyer,1,105,615,
2370,expensive,1,30,1379,
2371,suits,1,20,1644,
2372,abstainers,1,4,2365,
2373,arsonists,1,1,2664,
2374,hq,1,8,2109,
2375,boosters,1,1,2664,
2376,bubble,1,13,1872,
2377,points,1,197,335,
2378,hostility,1,25,1494,
2379,denying,1,20,1644,
2380,roundup,1,2,2541,
2381,jews,1,43,1156,
2382,cheering,1,5,2299,
2383,sacré,1,2,2541,
2384,britons,1,16,1759,
2385,pains,1,15,1794,
2386,chaotic,1,12,1911,
2387,pin,1,3,2442,
2388,eminence,1,2,2541,
2389,grise,1,2,2541,
2390,hocked,1,0,2815,
2391,speeding,1,2,2541,
2392,demise,1,16,1759,
2393,replacement,1,29,1397,
2394,interfere,1,4,2365,
2395,survive,1,28,1424,
2396,embrace,1,49,1098,
2397,tactic,1,16,1759,
2398,banned,1,69,871,
2399,hitler,1,12,1911,
2400,admirer,1,11,1946,
2401,boo,1,0,2815,
2402,stalinist,1,4,2365,
2403,invented,1,11,1946,
2404,survey,1,97,644,
2405,dutch,1,74,817,
2406,bummer,1,0,2815,
2407,claude,1,83,739,
2408,bas,1,1,2664,
2409,fishermen,1,28,1424,
2410,hear,1,54,1023,
2411,siren,1,3,2442,
2412,canard,1,106,607,
2413,vegas,1,4,2365,
2414,event,1,141,476,
2415,attended,1,39,1214,
2416,sticks,1,5,2299,
2417,modified,1,6,2234,
2418,guns,1,14,1834,
2419,company,1,166,403,
2420,helping,1,43,1156,
2421,clings,1,3,2442,
2422,undeclared,1,6,2234,
2423,danger,1,53,1042,
2424,speaks,1,53,1042,
2425,sunday,1,623,64,
2426,flops,1,0,2815,
2427,distribution,1,21,1602,
2428,lifeboats,1,0,2815,
2429,beleaguered,1,6,2234,
2430,sniper,1,1,2664,
2431,accidentally,1,6,2234,
2432,shoots,1,2,2541,
2433,affaires,1,7,2174,
2434,baby,1,9,2050,
2435,fires,1,24,1515,
2436,testify,1,2,2541,
2437,mufti,1,1,2664,
2438,advances,1,9,2050,
2439,heighten,1,0,2815,
2440,continues,1,58,973,
2441,floundering,1,4,2365,
2442,scientists,1,29,1397,
2443,lawyers,1,34,1293,
2444,scouted,1,0,2815,
2445,museum,1,27,1449,
2446,sues,1,0,2815,
2447,chiefs,1,11,1946,
2448,alternative,1,90,686,
2449,tunned,1,0,2815,
2450,pens,1,19,1673,
2451,severance,1,9,2050,
2452,défense,1,13,1872,
2453,staying,1,32,1335,
2454,matters,1,82,747,
2455,machete,1,8,2109,
2456,shouted,1,15,1794,
2457,allahu,1,7,2174,
2458,akbar,1,6,2234,
2459,internet,1,44,1144,
2460,windfall,1,1,2664,
2461,introduce,1,21,1602,
2462,contracts,1,55,1012,
2463,ugly,1,6,2234,
2464,implosion,1,7,2174,
2465,interrogated,1,8,2109,
2466,mission,1,57,987,
2467,impossible,1,69,871,
2468,chinese,1,36,1258,
2469,water,1,48,1112,
2470,bashing,1,9,2050,
2471,chair,1,30,1379,
2472,rajoy,1,33,1315,
2473,pénélope,1,3,2442,
2474,hardliners,1,10,2001,
2475,method,1,34,1293,
2476,robot,1,5,2299,
2477,marijuana,1,5,2299,
2478,legalizing,1,8,2109,
2479,spend,1,71,848,
2480,promise,1,124,531,
2481,early,1,333,165,
2482,appointments,1,15,1794,
2483,prevail,1,15,1794,
2484,considered,1,105,615,
2485,punishment,1,25,1494,
2486,slap,1,10,2001,
2487,curb,1,15,1794,
2488,numbers,1,106,607,
2489,discuss,1,111,589,
2490,vall,1,84,728,
2491,incredible,1,18,1699,
2492,disappearing,1,6,2234,
2493,tower,1,41,1181,
2494,warning,1,94,664,
2495,dangerously,1,3,2442,
2496,naïve,1,13,1872,
2497,boost,1,98,639,
2498,curse,1,4,2365,
2499,braces,1,3,2442,
2500,cyberattacks,1,17,1729,
2501,conspiracy,1,49,1098,
2502,theorie,1,0,2815,
2503,victim,1,37,1247,
2504,counterrevolution,1,0,2815,
2505,asked,1,434,118,
2506,bank,1,161,417,
2507,ecu,1,6,2234,
2508,style,1,121,545,
2509,currency,1,69,871,
2510,joining,1,57,987,
2511,gradualism,1,0,2815,
2512,borrow,1,13,1872,
2513,father,1,141,476,
2514,lender,1,8,2109,
2515,salute,1,2,2541,
2516,jacqueline,1,10,2001,
2517,sauvage,1,27,1449,
2518,jobless,1,24,1515,
2519,rate,1,103,620,
2520,attaque,1,1,2664,
2521,camion,1,1,2664,
2522,favorite,1,110,596,
2523,primaries,1,57,987,
2524,syrian,1,71,848,
2525,quagmire,1,1,2664,
2526,weak,1,76,799,
2527,kinder,1,2,2541,
2528,gentler,1,2,2541,
2529,insurance,1,60,954,
2530,embarras,1,1,2664,
2531,devant,1,5,2299,
2532,alep,1,1,2664,
2533,feud,1,17,1729,
2534,payout,1,4,2365,
2535,fantasies,1,1,2664,
2536,TRUE,1,108,603,
2537,schooling,1,3,2442,
2538,defector,1,0,2815,
2539,homophobic,1,6,2234,
2540,insults,1,25,1494,
2541,reshuffles,1,1,2664,
2542,lame,1,7,2174,
2543,duck,1,10,2001,
2544,bernard,1,51,1074,
2545,named,1,156,432,
2546,aims,1,71,848,
2547,russophilia,1,6,2234,
2548,check,1,35,1278,
2549,divided,1,87,707,
2550,simpler,1,6,2234,
2551,maintains,1,14,1834,
2552,crushing,1,13,1872,
2553,hirt,1,0,2815,
2554,ripping,1,3,2442,
2555,austria,1,68,882,
2556,globalization,1,71,848,
2557,brexiteers,1,16,1759,
2558,unraveling,1,4,2365,
2559,chaos,1,48,1112,
2560,confronts,1,0,2815,
2561,victoire,1,3,2442,
2562,prescribes,1,3,2442,
2563,play,1,196,338,
2564,headaches,1,6,2234,
2565,thatcher,1,23,1536,
2566,short,1,207,315,
2567,suspects,1,21,1602,
2568,released,1,62,933,
2569,fulgurante,1,1,2664,
2570,thatcherite,1,14,1834,
2571,thing,1,148,453,
2572,disruption,1,29,1397,
2573,hardens,1,0,2815,
2574,sinks,1,1,2664,
2575,laments,1,1,2664,
2576,leads,1,57,987,
2577,complex,1,43,1156,
2578,operation,1,79,769,
2579,die,1,270,225,
2580,jitters,1,4,2365,
2581,bbc,1,49,1098,
2582,finalizing,1,3,2442,
2583,jadot,1,47,1120,
2584,bataclan,1,22,1561,
2585,reopen,1,29,1397,
2586,sting,1,6,2234,
2587,concert,1,22,1561,
2588,problèmes,1,5,2299,
2589,toughest,1,12,1911,
2590,duty,1,38,1230,
2591,recognizes,1,3,2442,
2592,jailing,1,1,2664,
2593,roma,1,13,1872,
2594,wwii,1,0,2815,
2595,apologizes,1,0,2815,
2596,hick,1,2,2541,
2597,leak,1,9,2050,
2598,sylvia,1,7,2174,
2599,loyal,1,27,1449,
2600,toast,1,3,2442,
2601,mock,1,11,1946,
2602,height,1,17,1729,
2603,hopeful,1,32,1335,
2604,antoinette,1,3,2442,
2605,tolen,1,0,2815,
2606,zionist,1,5,2299,
2607,clearing,1,9,2050,
2608,jungle,1,20,1644,
2609,waiting,1,69,871,
2610,widens,1,1,2664,
2611,margin,1,30,1379,
2612,pushed,1,80,760,
2613,virée,1,1,2664,
2614,bruxelloise,1,1,2664,
2615,tourment,1,1,2664,
2616,disrupt,1,16,1759,
2617,religion,1,52,1060,
2618,casts,1,6,2234,
2619,primaire,1,6,2234,
2620,unfriend,1,1,2664,
2621,mugged,1,0,2815,
2622,referendums,1,19,1673,
2623,towns,1,71,848,
2624,veste,1,1,2664,
2625,leaked,1,28,1424,
2626,preparing,1,71,848,
2627,edges,1,4,2365,
2628,congressman,1,2,2541,
2629,dogged,1,18,1699,
2630,bataille,1,2,2541,
2631,optimisme,1,1,2664,
2632,trash,1,13,1872,
2633,pulls,1,7,2174,
2634,recordings,1,3,2442,
2635,flow,1,14,1834,
2636,disorder,1,8,2109,
2637,ranks,1,80,760,
2638,gap,1,40,1194,
2639,central,1,206,320,
2640,banker,1,58,973,
2641,dilemme,1,1,2664,
2642,presidents,1,92,675,
2643,gallic,1,7,2174,
2644,ancestry,1,1,2664,
2645,denial,1,25,1494,
2646,housing,1,66,902,
2647,sentences,1,11,1946,
2648,cas,1,9,2050,
2649,cahuzac,1,7,2174,
2650,trauma,1,12,1911,
2651,caused,1,89,694,
2652,bullet,1,7,2174,
2653,commentator,1,11,1946,
2654,dany,1,1,2664,
2655,cohn,1,32,1335,
2656,bendit,1,31,1360,
2657,annihilated,1,1,2664,
2658,danny,1,4,2365,
2659,red,1,68,882,
2660,talking,1,116,570,
2661,choice,1,210,308,
2662,catholic,1,66,902,
2663,prosecutors,1,58,973,
2664,costs,1,73,831,
2665,learns,1,0,2815,
2666,exceptional,1,23,1536,
2667,trahison,1,3,2442,
2668,insultes,1,2,2541,
2669,banishes,1,0,2815,
2670,insignia,1,2,2541,
2671,bare,1,18,1699,
2672,facts,1,36,1258,
2673,gloves,1,1,2664,
2674,ignore,1,31,1360,
2675,ruling,1,166,403,
2676,highest,1,87,707,
2677,scolds,1,1,2664,
2678,criticizing,1,33,1315,
2679,sadiq,1,7,2174,
2680,khan,1,28,1424,
2681,bernie,1,20,1644,
2682,sanders,1,18,1699,
2683,wearing,1,93,671,
2684,beach,1,39,1214,
2685,creator,1,4,2365,
2686,boosting,1,11,1946,
2687,august,1,130,506,
2688,narcissisme,1,2,2541,
2689,voltaire,1,8,2109,
2690,swagger,1,1,2664,
2691,provoking,1,6,2234,
2692,compatible,1,22,1561,
2693,corsican,1,9,2050,
2694,daily,1,268,228,
2695,fuming,1,4,2365,
2696,lionel,1,34,1293,
2697,barber,1,14,1834,
2698,waterpark,1,3,2442,
2699,légion,1,9,2050,
2700,sickening,1,2,2541,
2701,form,1,177,381,
2702,guard,1,49,1098,
2703,demand,1,80,760,
2704,places,1,51,1074,
2705,worship,1,14,1834,
2706,nudges,1,0,2815,
2707,rightward,1,6,2234,
2708,trumpization,1,4,2365,
2709,lights,1,5,2299,
2710,imf,1,16,1759,
2711,spoil,1,5,2299,
2712,aid,1,57,987,
2713,businesses,1,70,862,
2714,extend,1,22,1561,
2715,upends,1,0,2815,
2716,routine,1,10,2001,
2717,decides,1,27,1449,
2718,provoked,1,18,1699,
2719,hair,1,30,1379,
2720,today,1,228,283,
2721,tomorrow,1,28,1424,
2722,hairdresser,1,11,1946,
2723,month,1,575,77,
2724,spared,1,10,2001,
2725,stratégies,1,1,2664,
2726,defies,1,1,2664,
2727,lawmakers,1,81,753,
2728,negotiation,1,20,1644,
2729,cross,1,40,1194,
2730,workers,1,322,176,
2731,rocard,1,18,1699,
2732,died,1,84,728,
2733,choc,1,1,2664,
2734,malaise,1,14,1834,
2735,camps,1,49,1098,
2736,moved,1,54,1023,
2737,ways,1,95,659,
2738,understand,1,96,653,
2739,shortcoming,1,1,2664,
2740,docks,1,2,2541,
2741,nous,1,22,1561,
2742,delivery,1,15,1794,
2743,martinez,1,54,1023,
2744,intervention,1,54,1023,
2745,opportunity,1,132,497,
2746,gasp,1,1,2664,
2747,fronde,1,1,2664,
2748,sociale,1,1,2664,
2749,match,1,55,1012,
2750,pilots,1,9,2050,
2751,defender,1,13,1872,
2752,grève,1,2,2541,
2753,digs,1,1,2664,
2754,heels,1,14,1834,
2755,strikers,1,16,1759,
2756,pol,1,0,2815,
2757,discredit,1,13,1872,
2758,trader,1,5,2299,
2759,jérôme,1,27,1449,
2760,kerviel,1,5,2299,
2761,dismissal,1,11,1946,
2762,claim,1,109,599,
2763,zlatan,1,2,2541,
2764,visas,1,8,2109,
2765,soccer,1,19,1673,
2766,fans,1,37,1247,
2767,pelted,1,4,2365,
2768,eggs,1,3,2442,
2769,mob,1,2,2541,
2770,orsay,1,7,2174,
2771,museums,1,14,1834,
2772,flooding,1,2,2541,
2773,sondages,1,1,2664,
2774,hubert,1,6,2234,
2775,védrine,1,18,1699,
2776,pause,1,8,2109,
2777,protesting,1,16,1759,
2778,ein,1,15,1794,
2779,albtraum,1,0,2815,
2780,von,1,89,694,
2781,einem,1,7,2174,
2782,gipfel,1,1,2664,
2783,gathering,1,86,713,
2784,frankreichs,1,3,2442,
2785,rechtspopulisten,1,0,2815,
2786,betteln,1,0,2815,
2787,banken,1,4,2365,
2788,stuck,1,53,1042,
2789,gear,1,14,1834,
2790,hostage,1,16,1759,
2791,spreads,1,6,2234,
2792,strapped,1,9,2050,
2793,baupin,1,19,1673,
2794,étrange,1,1,2664,
2795,shortages,1,17,1729,
2796,told,1,1004,35,
2797,sides,1,57,987,
2798,flics,1,1,2664,
2799,argent,1,7,2174,
2800,pushing,1,92,675,
2801,mideast,1,0,2815,
2802,peace,1,50,1086,
2803,broker,1,20,1644,
2804,frank,1,40,1194,
2805,underwood,1,5,2299,
2806,inappropriate,1,7,2174,
2807,female,1,41,1181,
2808,ram,1,9,2050,
2809,bus,1,21,1602,
2810,drivers,1,78,778,
2811,runs,1,49,1098,
2812,guerre,1,2,2541,
2813,perceptions,1,8,2109,
2814,fighting,1,95,659,
2815,gaulle,1,89,694,
2816,languages,1,11,1946,
2817,smiling,1,19,1673,
2818,sursaut,1,2,2541,
2819,hollandai,1,1,2664,
2820,christophe,1,143,468,
2821,caresche,1,17,1729,
2822,exist,1,25,1494,
2823,joke,1,19,1673,
2824,allegation,1,10,2001,
2825,feminist,1,20,1644,
2826,tournament,1,33,1315,
2827,destin,1,2,2541,
2828,chine,1,2,2541,
2829,bashes,1,1,2664,
2830,finkiel,1,0,2815,
2831,blocking,1,19,1673,
2832,companies,1,154,440,
2833,adapting,1,8,2109,
2834,boys,1,11,1946,
2835,jihad,1,6,2234,
2836,irrelevance,1,3,2442,
2837,pact,1,28,1424,
2838,payouts,1,6,2234,
2839,nip,1,1,2664,
2840,student,1,92,675,
2841,nuit,1,32,1335,
2842,debout,1,39,1214,
2843,communication,1,40,1194,
2844,dismiss,1,23,1536,
2845,unclear,1,55,1012,
2846,friends,1,117,565,
2847,honest,1,18,1699,
2848,panama,1,5,2299,
2849,axe,1,2,2541,
2850,shrugs,1,2,2541,
2851,setback,1,12,1911,
2852,deradicalization,1,2,2541,
2853,efforts,1,197,335,
2854,capture,1,15,1794,
2855,abdeslam,1,4,2365,
2856,featuring,1,18,1699,
2857,cats,1,4,2365,
2858,narrow,1,25,1494,
2859,smiles,1,9,2050,
2860,afd,1,27,1449,
2861,allemagne,1,5,2299,
2862,perte,1,1,2664,
2863,vitesse,1,2,2541,
2864,joker,1,1,2664,
2865,blinks,1,1,2664,
2866,infuriates,1,1,2664,
2867,avenir,1,4,2365,
2868,entre,1,14,1834,
2869,periscope,1,4,2365,
2870,assistant,1,67,893,
2871,finances,1,42,1171,
2872,confection,1,0,2815,
2873,fudge,1,3,2442,
2874,art,1,31,1360,
2875,write,1,33,1315,
2876,reforming,1,59,962,
2877,uncomfortable,1,18,1699,
2878,nationality,1,31,1360,
2879,fabius,1,16,1759,
2880,david,1,85,720,
2881,cameron,1,54,1023,
2882,measure,1,96,653,
2883,ségolène,1,26,1475,
2884,abused,1,9,2050,
2885,eroded,1,2,2541,
2886,refugees,1,125,528,
2887,fines,1,26,1475,
2888,justice,1,155,438,
2889,exposes,1,1,2664,
2890,airport,1,31,1360,
2891,wonders,1,4,2365,
2892,grid,1,2,2541,
2893,errors,1,16,1759,
2894,pre,1,43,1156,
2895,answers,1,40,1194,
2896,skullcap,1,2,2541,
2897,exodus,1,11,1946,
2898,default,1,9,2050,
2899,civil,1,188,355,
2900,servants,1,79,769,
2901,decider,1,0,2815,
2902,reasserts,1,0,2815,
2903,authority,1,133,495,
2904,thwarts,1,0,2815,
2905,plastic,1,12,1911,
2906,bag,1,8,2109,
2907,ire,1,21,1602,
2908,stripping,1,14,1834,
2909,doctor,1,27,1449,
2910,visits,1,35,1278,
2911,glimmer,1,3,2442,
2912,comparison,1,22,1561,
2913,purges,1,1,2664,
2914,regions,1,106,607,
2915,voter,1,78,778,
2916,rapture,1,1,2664,
2917,austerity,1,47,1120,
2918,boosted,1,9,2050,
2919,mainstream,1,174,390,
2920,disaster,1,38,1230,
2921,sniping,1,5,2299,
2922,renault,1,20,1644,
2923,boss,1,85,720,
2924,stakes,1,27,1449,
2925,foreigners,1,33,1315,
2926,discrimination,1,58,973,
2927,voting,1,183,370,
2928,habits,1,9,2050,
2929,scrutiny,1,31,1360,
2930,fling,1,0,2815,
2931,fiasco,1,4,2365,
2932,defectors,1,9,2050,
2933,punches,1,10,2001,
2934,wait,1,57,987,
2935,reins,1,4,2365,
2936,bombing,1,22,1561,
2937,kid,1,4,2365,
2938,bomb,1,11,1946,
2939,assad,1,40,1194,
2940,disagree,1,19,1673,
2941,inciting,1,9,2050,
2942,racial,1,24,1515,
2943,hatred,1,39,1214,
2944,taboo,1,16,1759,
2945,ethnic,1,30,1379,
2946,statistics,1,36,1258,
2947,intellectual,1,52,1060,
2948,schengen,1,47,1120,
2949,dsk,1,1,2664,
2950,visionles,1,0,2815,
2951,hour,1,138,483,
2952,workaround,1,0,2815,
2953,image,1,106,607,
2954,doctored,1,1,2664,
2955,warfare,1,7,2174,
2956,double,1,61,941,
2957,convergence,1,16,1759,
2958,whine,1,0,2815,
2959,rosés,1,0,,
2960,snub,1,3,,
2961,dad,1,2,,
2962,hearing,1,35,,
2963,sick,1,19,,
2964,farmer,1,19,,
2965,gloomy,1,9,,
2966,reprieve,1,3,,
2967,ouster,1,9,,